Tag,Timestamp,Valor,Estado
"02GMOMZL LT-73710 IGU          MW ","2025-06-01 00:00:00",27.62,Normal
"02GMOMZL LT-73710 IGU          MW ","2025-06-01 01:00:00",26.09,Normal
"02GMOMZL LT-73710 IGU          MW ","2025-06-01 02:00:00",24.92,Normal
"02GMOMZL LT-73710 IGU          MW ","2025-06-01 03:00:00",23.86,Normal
"02GMOMZL LT-73710 IGU          MW ","2025-06-01 04:00:00",22.99,Normal
"02GMOMZL LT-73710 IGU          MW ","2025-06-01 05:00:00",22.5,Normal
"02GMOMZL LT-73710 IGU          MW ","2025-06-01 06:00:00",21.38,Normal
"02GMOMZL LT-73710 IGU          MW ","2025-06-01 07:00:00",21.53,Normal
"02GMOMZL LT-73710 IGU          MW ","2025-06-01 08:00:00",22.57,Normal
"02GMOMZL LT-73710 IGU          MW ","2025-06-01 09:00:00",23.18,Normal
"02GMOMZL LT-73710 IGU          MW ","2025-06-01 10:00:00",22.91,Normal
"02GMOMZL LT-73710 IGU          MW ","2025-06-01 11:00:00",24.16,Normal
"02GMOMZL LT-73710 IGU          MW ","2025-06-01 12:00:00",24.13,Normal
"02GMOMZL LT-73710 IGU          MW ","2025-06-01 13:00:00",24.85,Normal
"02GMOMZL LT-73710 IGU          MW ","2025-06-01 14:00:00",25.94,Normal
"02GMOMZL LT-73710 IGU          MW ","2025-06-01 15:00:00",26.52,Normal
"02GMOMZL LT-73710 IGU          MW ","2025-06-01 16:00:00",27.21,Normal
"02GMOMZL LT-73710 IGU          MW ","2025-06-01 17:00:00",27.56,Normal
"02GMOMZL LT-73710 IGU          MW ","2025-06-01 18:00:00",25.52,Normal
"02GMOMZL LT-73710 IGU          MW ","2025-06-01 19:00:00",28.02,Normal
"02GMOMZL LT-73710 IGU          MW ","2025-06-01 20:00:00",30.93,Normal
"02GMOMZL LT-73710 IGU          MW ","2025-06-01 21:00:00",31.35,Normal
"02GMOMZL LT-73710 IGU          MW ","2025-06-01 22:00:00",30.81,Normal
"02GMOMZL LT-73710 IGU          MW ","2025-06-01 23:00:00",29.12,Normal
"02GMOMZL LT-73710 IGU          MW ","2025-06-02 00:00:00",27.06,Normal
"02GMOMZL LT-73710 IGU          MW ","2025-06-02 01:00:00",25.33,Normal
"02GMOMZL LT-73710 IGU          MW ","2025-06-02 02:00:00",24.37,Normal
"02GMOMZL LT-73710 IGU          MW ","2025-06-02 03:00:00",23.59,Normal
"02GMOMZL LT-73710 IGU          MW ","2025-06-02 04:00:00",22.93,Normal
"02GMOMZL LT-73710 IGU          MW ","2025-06-02 05:00:00",22.63,Normal
"02GMOMZL LT-73710 IGU          MW ","2025-06-02 06:00:00",22.45,Normal
"02GMOMZL LT-73710 IGU          MW ","2025-06-02 07:00:00",22.9,Normal
"02GMOMZL LT-73710 IGU          MW ","2025-06-02 08:00:00",23.52,Normal
"02GMOMZL LT-73710 IGU          MW ","2025-06-02 09:00:00",24.77,Normal
"02GMOMZL LT-73710 IGU          MW ","2025-06-02 10:00:00",25.73,Normal
"02GMOMZL LT-73710 IGU          MW ","2025-06-02 11:00:00",26.82,Normal
"02GMOMZL LT-73710 IGU          MW ","2025-06-02 12:00:00",27.75,Normal
"02GMOMZL LT-73710 IGU          MW ","2025-06-02 13:00:00",28.31,Normal
"02GMOMZL LT-73710 IGU          MW ","2025-06-02 14:00:00",29.07,Normal
"02GMOMZL LT-73710 IGU          MW ","2025-06-02 15:00:00",29.98,Normal
"02GMOMZL LT-73710 IGU          MW ","2025-06-02 16:00:00",30.44,Normal
"02GMOMZL LT-73710 IGU          MW ","2025-06-02 17:00:00",29.35,Normal
"02GMOMZL LT-73710 IGU          MW ","2025-06-02 18:00:00",28.64,Normal
"02GMOMZL LT-73710 IGU          MW ","2025-06-02 19:00:00",29.15,Normal
"02GMOMZL LT-73710 IGU          MW ","2025-06-02 20:00:00",32.49,Normal
"02GMOMZL LT-73710 IGU          MW ","2025-06-02 21:00:00",33.06,Normal
"02GMOMZL LT-73710 IGU          MW ","2025-06-02 22:00:00",32.69,Normal
"02GMOMZL LT-73710 IGU          MW ","2025-06-02 23:00:00",31.33,Normal
"02GMOMZL LT-73710 IGU          MW ","2025-06-03 00:00:00",29.18,Normal
"02GMOMZL LT-73710 IGU          MW ","2025-06-03 01:00:00",27.42,Normal
"02GMOMZL LT-73710 IGU          MW ","2025-06-03 02:00:00",26.1,Normal
"02GMOMZL LT-73710 IGU          MW ","2025-06-03 03:00:00",25.11,Normal
"02GMOMZL LT-73710 IGU          MW ","2025-06-03 04:00:00",24.34,Normal
"02GMOMZL LT-73710 IGU          MW ","2025-06-03 05:00:00",23.82,Normal
"02GMOMZL LT-73710 IGU          MW ","2025-06-03 06:00:00",23.49,Normal
"02GMOMZL LT-73710 IGU          MW ","2025-06-03 07:00:00",23.83,Normal
"02GMOMZL LT-73710 IGU          MW ","2025-06-03 08:00:00",24.81,Normal
"02GMOMZL LT-73710 IGU          MW ","2025-06-03 09:00:00",25.9,Normal
"02GMOMZL LT-73710 IGU          MW ","2025-06-03 10:00:00",26.71,Normal
"02GMOMZL LT-73710 IGU          MW ","2025-06-03 11:00:00",27.59,Normal
"02GMOMZL LT-73710 IGU          MW ","2025-06-03 12:00:00",28.6,Normal
"02GMOMZL LT-73710 IGU          MW ","2025-06-03 13:00:00",29.16,Normal
"02GMOMZL LT-73710 IGU          MW ","2025-06-03 14:00:00",30.31,Normal
"02GMOMZL LT-73710 IGU          MW ","2025-06-03 15:00:00",30.97,Normal
"02GMOMZL LT-73710 IGU          MW ","2025-06-03 16:00:00",31.69,Normal
"02GMOMZL LT-73710 IGU          MW ","2025-06-03 17:00:00",31.29,Normal
"02GMOMZL LT-73710 IGU          MW ","2025-06-03 18:00:00",29.8,Normal
"02GMOMZL LT-73710 IGU          MW ","2025-06-03 19:00:00",30.42,Normal
"02GMOMZL LT-73710 IGU          MW ","2025-06-03 20:00:00",33.55,Normal
"02GMOMZL LT-73710 IGU          MW ","2025-06-03 21:00:00",34.16,Normal
"02GMOMZL LT-73710 IGU          MW ","2025-06-03 22:00:00",33.94,Normal
"02GMOMZL LT-73710 IGU          MW ","2025-06-03 23:00:00",32.47,Normal
"02GMOMZL LT-73710 IGU          MW ","2025-06-04 00:00:00",30.1,Normal
"02GMOMZL LT-73710 IGU          MW ","2025-06-04 01:00:00",28.93,Normal
"02GMOMZL LT-73710 IGU          MW ","2025-06-04 02:00:00",27.72,Normal
"02GMOMZL LT-73710 IGU          MW ","2025-06-04 03:00:00",26.52,Normal
"02GMOMZL LT-73710 IGU          MW ","2025-06-04 04:00:00",25.6,Normal
"02GMOMZL LT-73710 IGU          MW ","2025-06-04 05:00:00",25.06,Normal
"02GMOMZL LT-73710 IGU          MW ","2025-06-04 06:00:00",24.73,Normal
"02GMOMZL LT-73710 IGU          MW ","2025-06-04 07:00:00",24.69,Normal
"02GMOMZL LT-73710 IGU          MW ","2025-06-04 08:00:00",25.33,Normal
"02GMOMZL LT-73710 IGU          MW ","2025-06-04 09:00:00",27.12,Normal
"02GMOMZL LT-73710 IGU          MW ","2025-06-04 10:00:00",28.1,Normal
"02GMOMZL LT-73710 IGU          MW ","2025-06-04 11:00:00",28.12,Normal
"02GMOMZL LT-73710 IGU          MW ","2025-06-04 12:00:00",28.88,Normal
"02GMOMZL LT-73710 IGU          MW ","2025-06-04 13:00:00",28.88,Normal
"02GMOMZL LT-73710 IGU          MW ","2025-06-04 14:00:00",28.88,Normal
"02GMOMZL LT-73710 IGU          MW ","2025-06-04 15:00:00",28.88,Normal
"02GMOMZL LT-73710 IGU          MW ","2025-06-04 16:00:00",28.88,Normal
"02GMOMZL LT-73710 IGU          MW ","2025-06-04 17:00:00",28.88,Normal
"02GMOMZL LT-73710 IGU          MW ","2025-06-04 18:00:00",28.88,Normal
"02GMOMZL LT-73710 IGU          MW ","2025-06-04 19:00:00",28.88,Normal
"02GMOMZL LT-73710 IGU          MW ","2025-06-04 20:00:00",28.88,Normal
"02GMOMZL LT-73710 IGU          MW ","2025-06-04 21:00:00",28.88,Normal
"02GMOMZL LT-73710 IGU          MW ","2025-06-04 22:00:00",28.88,Normal
"02GMOMZL LT-73710 IGU          MW ","2025-06-04 23:00:00",28.88,Normal
"02GMOMZL LT-73710 IGU          MW ","2025-06-05 00:00:00",28.88,Normal
"02GMOMZL LT-73710 IGU          MW ","2025-06-05 01:00:00",28.88,Normal
"02GMOMZL LT-73710 IGU          MW ","2025-06-05 02:00:00",28.88,Normal
"02GMOMZL LT-73710 IGU          MW ","2025-06-05 03:00:00",24.64,Normal
"02GMOMZL LT-73710 IGU          MW ","2025-06-05 04:00:00",23.68,Normal
"02GMOMZL LT-73710 IGU          MW ","2025-06-05 05:00:00",23.15,Normal
"02GMOMZL LT-73710 IGU          MW ","2025-06-05 06:00:00",22.3,Normal
"02GMOMZL LT-73710 IGU          MW ","2025-06-05 07:00:00",22.51,Normal
"02GMOMZL LT-73710 IGU          MW ","2025-06-05 08:00:00",24.62,Normal
"02GMOMZL LT-73710 IGU          MW ","2025-06-05 09:00:00",25.8,Normal
"02GMOMZL LT-73710 IGU          MW ","2025-06-05 10:00:00",26.86,Normal
"02GMOMZL LT-73710 IGU          MW ","2025-06-05 11:00:00",27.49,Normal
"02GMOMZL LT-73710 IGU          MW ","2025-06-05 12:00:00",28.15,Normal
"02GMOMZL LT-73710 IGU          MW ","2025-06-05 13:00:00",27.88,Normal
"02GMOMZL LT-73710 IGU          MW ","2025-06-05 14:00:00",30.06,Normal
"02GMOMZL LT-73710 IGU          MW ","2025-06-05 15:00:00",30.45,Normal
"02GMOMZL LT-73710 IGU          MW ","2025-06-05 16:00:00",30.77,Normal
"02GMOMZL LT-73710 IGU          MW ","2025-06-05 17:00:00",30.7,Normal
"02GMOMZL LT-73710 IGU          MW ","2025-06-05 18:00:00",29.87,Normal
"02GMOMZL LT-73710 IGU          MW ","2025-06-05 19:00:00",29.54,Normal
"02GMOMZL LT-73710 IGU          MW ","2025-06-05 20:00:00",32.79,Normal
"02GMOMZL LT-73710 IGU          MW ","2025-06-05 21:00:00",33.17,Normal
"02GMOMZL LT-73710 IGU          MW ","2025-06-05 22:00:00",33.34,Normal
"02GMOMZL LT-73710 IGU          MW ","2025-06-05 23:00:00",32.46,Normal
"02GMOMZL LT-73710 IGU          MW ","2025-06-06 00:00:00",30.4,Normal
"02GMOMZL LT-73710 IGU          MW ","2025-06-06 01:00:00",28.73,Normal
"02GMOMZL LT-73710 IGU          MW ","2025-06-06 02:00:00",27.24,Normal
"02GMOMZL LT-73710 IGU          MW ","2025-06-06 03:00:00",25.97,Normal
"02GMOMZL LT-73710 IGU          MW ","2025-06-06 04:00:00",25.12,Normal
"02GMOMZL LT-73710 IGU          MW ","2025-06-06 05:00:00",24.42,Normal
"02GMOMZL LT-73710 IGU          MW ","2025-06-06 06:00:00",23.56,Normal
"02GMOMZL LT-73710 IGU          MW ","2025-06-06 07:00:00",23.91,Normal
"02GMOMZL LT-73710 IGU          MW ","2025-06-06 08:00:00",24.76,Normal
"02GMOMZL LT-73710 IGU          MW ","2025-06-06 09:00:00",26.08,Normal
"02GMOMZL LT-73710 IGU          MW ","2025-06-06 10:00:00",27.4,Normal
"02GMOMZL LT-73710 IGU          MW ","2025-06-06 11:00:00",27.66,Normal
"02GMOMZL LT-73710 IGU          MW ","2025-06-06 12:00:00",28.55,Normal
"02GMOMZL LT-73710 IGU          MW ","2025-06-06 13:00:00",29.35,Normal
"02GMOMZL LT-73710 IGU          MW ","2025-06-06 14:00:00",30.18,Normal
"02GMOMZL LT-73710 IGU          MW ","2025-06-06 15:00:00",30.79,Normal
"02GMOMZL LT-73710 IGU          MW ","2025-06-06 16:00:00",30.93,Normal
"02GMOMZL LT-73710 IGU          MW ","2025-06-06 17:00:00",30.34,Normal
"02GMOMZL LT-73710 IGU          MW ","2025-06-06 18:00:00",29.68,Normal
"02GMOMZL LT-73710 IGU          MW ","2025-06-06 19:00:00",30.13,Normal
"02GMOMZL LT-73710 IGU          MW ","2025-06-06 20:00:00",32.94,Normal
"02GMOMZL LT-73710 IGU          MW ","2025-06-06 21:00:00",33.34,Normal
"02GMOMZL LT-73710 IGU          MW ","2025-06-06 22:00:00",33.14,Normal
"02GMOMZL LT-73710 IGU          MW ","2025-06-06 23:00:00",32.48,Normal
"02GMOMZL LT-73710 IGU          MW ","2025-06-07 00:00:00",30.8,Normal
"02GMOMZL LT-73710 IGU          MW ","2025-06-07 01:00:00",29.02,Normal
"02GMOMZL LT-73710 IGU          MW ","2025-06-07 02:00:00",27.64,Normal
"02GMOMZL LT-73710 IGU          MW ","2025-06-07 03:00:00",26.62,Normal
"02GMOMZL LT-73710 IGU          MW ","2025-06-07 04:00:00",25.54,Normal
"02GMOMZL LT-73710 IGU          MW ","2025-06-07 05:00:00",24.61,Normal
"02GMOMZL LT-73710 IGU          MW ","2025-06-07 06:00:00",23.08,Normal
"02GMOMZL LT-73710 IGU          MW ","2025-06-07 07:00:00",23.21,Normal
"02GMOMZL LT-73710 IGU          MW ","2025-06-07 08:00:00",24.27,Normal
"02GMOMZL LT-73710 IGU          MW ","2025-06-07 09:00:00",25.06,Normal
"02GMOMZL LT-73710 IGU          MW ","2025-06-07 10:00:00",25.96,Normal
"02GMOMZL LT-73710 IGU          MW ","2025-06-07 11:00:00",26.38,Normal
"02GMOMZL LT-73710 IGU          MW ","2025-06-07 12:00:00",27.12,Normal
"02GMOMZL LT-73710 IGU          MW ","2025-06-07 13:00:00",27.8,Normal
"02GMOMZL LT-73710 IGU          MW ","2025-06-07 14:00:00",28.57,Normal
"02GMOMZL LT-73710 IGU          MW ","2025-06-07 15:00:00",29.06,Normal
"02GMOMZL LT-73710 IGU          MW ","2025-06-07 16:00:00",29.18,Normal
"02GMOMZL LT-73710 IGU          MW ","2025-06-07 17:00:00",29.52,Normal
"02GMOMZL LT-73710 IGU          MW ","2025-06-07 18:00:00",29.07,Normal
"02GMOMZL LT-73710 IGU          MW ","2025-06-07 19:00:00",29.23,Normal
"02GMOMZL LT-73710 IGU          MW ","2025-06-07 20:00:00",32.56,Normal
"02GMOMZL LT-73710 IGU          MW ","2025-06-07 21:00:00",33,Normal
"02GMOMZL LT-73710 IGU          MW ","2025-06-07 22:00:00",32.82,Normal
"02GMOMZL LT-73710 IGU          MW ","2025-06-07 23:00:00",32.41,Normal
"02GMOMZL LT-73710 IGU          MW ","2025-06-08 00:00:00",31.33,Normal
"02GMOMZL LT-73710 IGU          MW ","2025-06-08 01:00:00",29.91,Normal
"02GMOMZL LT-73710 IGU          MW ","2025-06-08 02:00:00",29.15,Normal
"02GMOMZL LT-73710 IGU          MW ","2025-06-08 03:00:00",27.96,Normal
"02GMOMZL LT-73710 IGU          MW ","2025-06-08 04:00:00",27.14,Normal
"02GMOMZL LT-73710 IGU          MW ","2025-06-08 05:00:00",26.62,Normal
"02GMOMZL LT-73710 IGU          MW ","2025-06-08 06:00:00",25.07,Normal
"02GMOMZL LT-73710 IGU          MW ","2025-06-08 07:00:00",24.27,Normal
"02GMOMZL LT-73710 IGU          MW ","2025-06-08 08:00:00",24.88,Normal
"02GMOMZL LT-73710 IGU          MW ","2025-06-08 09:00:00",25.54,Normal
"02GMOMZL LT-73710 IGU          MW ","2025-06-08 10:00:00",25.72,Normal
"02GMOMZL LT-73710 IGU          MW ","2025-06-08 11:00:00",25.71,Normal
"02GMOMZL LT-73710 IGU          MW ","2025-06-08 12:00:00",26.42,Normal
"02GMOMZL LT-73710 IGU          MW ","2025-06-08 13:00:00",27.75,Normal
"02GMOMZL LT-73710 IGU          MW ","2025-06-08 14:00:00",28.01,Normal
"02GMOMZL LT-73710 IGU          MW ","2025-06-08 15:00:00",28.94,Normal
"02GMOMZL LT-73710 IGU          MW ","2025-06-08 16:00:00",29.33,Normal
"02GMOMZL LT-73710 IGU          MW ","2025-06-08 17:00:00",29.15,Normal
"02GMOMZL LT-73710 IGU          MW ","2025-06-08 18:00:00",29.41,Normal
"02GMOMZL LT-73710 IGU          MW ","2025-06-08 19:00:00",28.98,Normal
"02GMOMZL LT-73710 IGU          MW ","2025-06-08 20:00:00",32.07,Normal
"02GMOMZL LT-73710 IGU          MW ","2025-06-08 21:00:00",32.86,Normal
"02GMOMZL LT-73710 IGU          MW ","2025-06-08 22:00:00",32.94,Normal
"02GMOMZL LT-73710 IGU          MW ","2025-06-08 23:00:00",32.3,Normal
"02GMOMZL LT-73710 IGU          MW ","2025-06-09 00:00:00",30.3,Normal
"02GMOMZL LT-73710 IGU          MW ","2025-06-09 01:00:00",29.35,Normal
"02GMOMZL LT-73710 IGU          MW ","2025-06-09 02:00:00",27.6,Normal
"02GMOMZL LT-73710 IGU          MW ","2025-06-09 03:00:00",26.54,Normal
"02GMOMZL LT-73710 IGU          MW ","2025-06-09 04:00:00",25.28,Normal
"02GMOMZL LT-73710 IGU          MW ","2025-06-09 05:00:00",24.64,Normal
"02GMOMZL LT-73710 IGU          MW ","2025-06-09 06:00:00",23.91,Normal
"02GMOMZL LT-73710 IGU          MW ","2025-06-09 07:00:00",24.13,Normal
"02GMOMZL LT-73710 IGU          MW ","2025-06-09 08:00:00",24.66,Normal
"02GMOMZL LT-73710 IGU          MW ","2025-06-09 09:00:00",25.97,Normal
"02GMOMZL LT-73710 IGU          MW ","2025-06-09 10:00:00",27.14,Normal
"02GMOMZL LT-73710 IGU          MW ","2025-06-09 11:00:00",27.29,Normal
"02GMOMZL LT-73710 IGU          MW ","2025-06-09 12:00:00",27.29,Normal
"02GMOMZL LT-73710 IGU          MW ","2025-06-09 13:00:00",29.62,Normal
"02GMOMZL LT-73710 IGU          MW ","2025-06-09 14:00:00",30.96,Normal
"02GMOMZL LT-73710 IGU          MW ","2025-06-09 15:00:00",31.67,Normal
"02GMOMZL LT-73710 IGU          MW ","2025-06-09 16:00:00",31.87,Normal
"02GMOMZL LT-73710 IGU          MW ","2025-06-09 17:00:00",32.17,Normal
"02GMOMZL LT-73710 IGU          MW ","2025-06-09 18:00:00",31.4,Normal
"02GMOMZL LT-73710 IGU          MW ","2025-06-09 19:00:00",31.17,Normal
"02GMOMZL LT-73710 IGU          MW ","2025-06-09 20:00:00",34.51,Normal
"02GMOMZL LT-73710 IGU          MW ","2025-06-09 21:00:00",35.41,Normal
"02GMOMZL LT-73710 IGU          MW ","2025-06-09 22:00:00",35.25,Normal
"02GMOMZL LT-73710 IGU          MW ","2025-06-09 23:00:00",34.2,Normal
"02GMOMZL LT-73710 IGU          MW ","2025-06-10 00:00:00",32.2,Normal
"02GMOMZL LT-73710 IGU          MW ","2025-06-10 01:00:00",31.25,Normal
"02GMOMZL LT-73710 IGU          MW ","2025-06-10 02:00:00",29.7,Normal
"02GMOMZL LT-73710 IGU          MW ","2025-06-10 03:00:00",28.42,Normal
"02GMOMZL LT-73710 IGU          MW ","2025-06-10 04:00:00",27.39,Normal
"02GMOMZL LT-73710 IGU          MW ","2025-06-10 05:00:00",26.81,Normal
"02GMOMZL LT-73710 IGU          MW ","2025-06-10 06:00:00",25.72,Normal
"02GMOMZL LT-73710 IGU          MW ","2025-06-10 07:00:00",25.51,Normal
"02GMOMZL LT-73710 IGU          MW ","2025-06-10 08:00:00",26.62,Normal
"02GMOMZL LT-73710 IGU          MW ","2025-06-10 09:00:00",27.92,Normal
"02GMOMZL LT-73710 IGU          MW ","2025-06-10 10:00:00",29.09,Normal
"02GMOMZL LT-73710 IGU          MW ","2025-06-10 11:00:00",29.05,Normal
"02GMOMZL LT-73710 IGU          MW ","2025-06-10 12:00:00",29.37,Normal
"02GMOMZL LT-73710 IGU          MW ","2025-06-10 13:00:00",30.76,Normal
"02GMOMZL LT-73710 IGU          MW ","2025-06-10 14:00:00",31.29,Normal
"02GMOMZL LT-73710 IGU          MW ","2025-06-10 15:00:00",32.17,Normal
"02GMOMZL LT-73710 IGU          MW ","2025-06-10 16:00:00",32.45,Normal
"02GMOMZL LT-73710 IGU          MW ","2025-06-10 17:00:00",32.14,Normal
"02GMOMZL LT-73710 IGU          MW ","2025-06-10 18:00:00",30.89,Normal
"02GMOMZL LT-73710 IGU          MW ","2025-06-10 19:00:00",31.92,Normal
"02GMOMZL LT-73710 IGU          MW ","2025-06-10 20:00:00",34.93,Normal
"02GMOMZL LT-73710 IGU          MW ","2025-06-10 21:00:00",35.6,Normal
"02GMOMZL LT-73710 IGU          MW ","2025-06-10 22:00:00",35.95,Normal
"02GMOMZL LT-73710 IGU          MW ","2025-06-10 23:00:00",35.11,Normal
"02GMOMZL LT-73710 IGU          MW ","2025-06-11 00:00:00",33.36,Normal
"02GMOMZL LT-73710 IGU          MW ","2025-06-11 01:00:00",26.78,Normal
"02GMOMZL LT-73710 IGU          MW ","2025-06-11 02:00:00",25.93,Normal
"02GMOMZL LT-73710 IGU          MW ","2025-06-11 03:00:00",25.01,Normal
"02GMOMZL LT-73710 IGU          MW ","2025-06-11 04:00:00",24.07,Normal
"02GMOMZL LT-73710 IGU          MW ","2025-06-11 05:00:00",24.34,Normal
"02GMOMZL LT-73710 IGU          MW ","2025-06-11 06:00:00",23.68,Normal
"02GMOMZL LT-73710 IGU          MW ","2025-06-11 07:00:00",23.28,Normal
"02GMOMZL LT-73710 IGU          MW ","2025-06-11 08:00:00",23.96,Normal
"02GMOMZL LT-73710 IGU          MW ","2025-06-11 09:00:00",24.23,Normal
"02GMOMZL LT-73710 IGU          MW ","2025-06-11 10:00:00",25.44,Normal
"02GMOMZL LT-73710 IGU          MW ","2025-06-11 11:00:00",26.11,Normal
"02GMOMZL LT-73710 IGU          MW ","2025-06-11 12:00:00",27.34,Normal
"02GMOMZL LT-73710 IGU          MW ","2025-06-11 13:00:00",27.38,Normal
"02GMOMZL LT-73710 IGU          MW ","2025-06-11 14:00:00",28.47,Normal
"02GMOMZL LT-73710 IGU          MW ","2025-06-11 15:00:00",29.44,Normal
"02GMOMZL LT-73710 IGU          MW ","2025-06-11 16:00:00",29.86,Normal
"02GMOMZL LT-73710 IGU          MW ","2025-06-11 17:00:00",30.14,Normal
"02GMOMZL LT-73710 IGU          MW ","2025-06-11 18:00:00",29.32,Normal
"02GMOMZL LT-73710 IGU          MW ","2025-06-11 19:00:00",29.27,Normal
"02GMOMZL LT-73710 IGU          MW ","2025-06-11 20:00:00",32.49,Normal
"02GMOMZL LT-73710 IGU          MW ","2025-06-11 21:00:00",33.23,Normal
"02GMOMZL LT-73710 IGU          MW ","2025-06-11 22:00:00",33.2,Normal
"02GMOMZL LT-73710 IGU          MW ","2025-06-11 23:00:00",31.3,Normal
"02GMOMZL LT-73710 IGU          MW ","2025-06-12 00:00:00",29.29,Normal
"02GMOMZL LT-93230 LAT          MW","2025-06-01 00:00:00",41.68,Crítico
"02GMOMZL LT-93230 LAT          MW","2025-06-01 01:00:00",42.61667,Crítico
"02GMOMZL LT-93230 LAT          MW","2025-06-01 02:00:00",39.39,Crítico
"02GMOMZL LT-93230 LAT          MW","2025-06-01 03:00:00",41.495,Crítico
"02GMOMZL LT-93230 LAT          MW","2025-06-01 04:00:00",40.30334,Crítico
"02GMOMZL LT-93230 LAT          MW","2025-06-01 05:00:00",41.97501,Crítico
"02GMOMZL LT-93230 LAT          MW","2025-06-01 06:00:00",40.11,Crítico
"02GMOMZL LT-93230 LAT          MW","2025-06-01 07:00:00",42.52,Crítico
"02GMOMZL LT-93230 LAT          MW","2025-06-01 08:00:00",37.54,Crítico
"02GMOMZL LT-93230 LAT          MW","2025-06-01 09:00:00",42.35667,Crítico
"02GMOMZL LT-93230 LAT          MW","2025-06-01 10:00:00",42.1,Crítico
"02GMOMZL LT-93230 LAT          MW","2025-06-01 11:00:00",38.765,Crítico
"02GMOMZL LT-93230 LAT          MW","2025-06-01 12:00:00",40.67001,Crítico
"02GMOMZL LT-93230 LAT          MW","2025-06-01 13:00:00",40.745,Crítico
"02GMOMZL LT-93230 LAT          MW","2025-06-01 14:00:00",40.48,Crítico
"02GMOMZL LT-93230 LAT          MW","2025-06-01 15:00:00",38.815,Crítico
"02GMOMZL LT-93230 LAT          MW","2025-06-01 16:00:00",37.255,Crítico
"02GMOMZL LT-93230 LAT          MW","2025-06-01 17:00:00",32.62334,Crítico
"02GMOMZL LT-93230 LAT          MW","2025-06-01 18:00:00",37.66,Crítico
"02GMOMZL LT-93230 LAT          MW","2025-06-01 19:00:00",38.815,Crítico
"02GMOMZL LT-93230 LAT          MW","2025-06-01 20:00:00",63.66334,Crítico
"02GMOMZL LT-93230 LAT          MW","2025-06-01 21:00:00",69.895,Crítico
"02GMOMZL LT-93230 LAT          MW","2025-06-01 22:00:00",67.43001,Crítico
"02GMOMZL LT-93230 LAT          MW","2025-06-01 23:00:00",66.59,Crítico
"02GMOMZL LT-93230 LAT          MW","2025-06-02 00:00:00",67.38,Crítico
"02GMOMZL LT-93230 LAT          MW","2025-06-02 01:00:00",65.61333,Crítico
"02GMOMZL LT-93230 LAT          MW","2025-06-02 02:00:00",66.01,Crítico
"02GMOMZL LT-93230 LAT          MW","2025-06-02 03:00:00",68.08,Crítico
"02GMOMZL LT-93230 LAT          MW","2025-06-02 04:00:00",66.31667,Crítico
"02GMOMZL LT-93230 LAT          MW","2025-06-02 05:00:00",63.15,Crítico
"02GMOMZL LT-93230 LAT          MW","2025-06-02 06:00:00",60.91,Crítico
"02GMOMZL LT-93230 LAT          MW","2025-06-02 07:00:00",56.825,Crítico
"02GMOMZL LT-93230 LAT          MW","2025-06-02 08:00:00",45.835,Crítico
"02GMOMZL LT-93230 LAT          MW","2025-06-02 09:00:00",50.89,Crítico
"02GMOMZL LT-93230 LAT          MW","2025-06-02 10:00:00",48.54,Crítico
"02GMOMZL LT-93230 LAT          MW","2025-06-02 11:00:00",50.26,Crítico
"02GMOMZL LT-93230 LAT          MW","2025-06-02 12:00:00",55.78,Crítico
"02GMOMZL LT-93230 LAT          MW","2025-06-02 13:00:00",53.33601,Crítico
"02GMOMZL LT-93230 LAT          MW","2025-06-02 14:00:00",57.69,Crítico
"02GMOMZL LT-93230 LAT          MW","2025-06-02 15:00:00",59.65501,Crítico
"02GMOMZL LT-93230 LAT          MW","2025-06-02 16:00:00",51.095,Crítico
"02GMOMZL LT-93230 LAT          MW","2025-06-02 17:00:00",50.09667,Crítico
"02GMOMZL LT-93230 LAT          MW","2025-06-02 18:00:00",49.56001,Crítico
"02GMOMZL LT-93230 LAT          MW","2025-06-02 19:00:00",44.464,Crítico
"02GMOMZL LT-93230 LAT          MW","2025-06-02 20:00:00",52.75667,Crítico
"02GMOMZL LT-93230 LAT          MW","2025-06-02 21:00:00",53.786,Crítico
"02GMOMZL LT-93230 LAT          MW","2025-06-02 22:00:00",62.03,Crítico
"02GMOMZL LT-93230 LAT          MW","2025-06-02 23:00:00",61.605,Crítico
"02GMOMZL LT-93230 LAT          MW","2025-06-03 00:00:00",64.205,Crítico
"02GMOMZL LT-93230 LAT          MW","2025-06-03 01:00:00",64.30334,Crítico
"02GMOMZL LT-93230 LAT          MW","2025-06-03 02:00:00",62.34,Crítico
"02GMOMZL LT-93230 LAT          MW","2025-06-03 03:00:00",53.735,Crítico
"02GMOMZL LT-93230 LAT          MW","2025-06-03 04:00:00",61.42334,Crítico
"02GMOMZL LT-93230 LAT          MW","2025-06-03 05:00:00",60.605,Crítico
"02GMOMZL LT-93230 LAT          MW","2025-06-03 06:00:00",60.90001,Crítico
"02GMOMZL LT-93230 LAT          MW","2025-06-03 07:00:00",56.505,Crítico
"02GMOMZL LT-93230 LAT          MW","2025-06-03 08:00:00",54.805,Crítico
"02GMOMZL LT-93230 LAT          MW","2025-06-03 09:00:00",44.42,Crítico
"02GMOMZL LT-93230 LAT          MW","2025-06-03 10:00:00",48.28,Crítico
"02GMOMZL LT-93230 LAT          MW","2025-06-03 11:00:00",45.07334,Crítico
"02GMOMZL LT-93230 LAT          MW","2025-06-03 12:00:00",48.33,Crítico
"02GMOMZL LT-93230 LAT          MW","2025-06-03 13:00:00",48.65501,Crítico
"02GMOMZL LT-93230 LAT          MW","2025-06-03 14:00:00",52.76,Crítico
"02GMOMZL LT-93230 LAT          MW","2025-06-03 15:00:00",45.195,Crítico
"02GMOMZL LT-93230 LAT          MW","2025-06-03 16:00:00",42.145,Crítico
"02GMOMZL LT-93230 LAT          MW","2025-06-03 17:00:00",40.62334,Crítico
"02GMOMZL LT-93230 LAT          MW","2025-06-03 18:00:00",48.16,Crítico
"02GMOMZL LT-93230 LAT          MW","2025-06-03 19:00:00",47.1,Crítico
"02GMOMZL LT-93230 LAT          MW","2025-06-03 20:00:00",49.56667,Crítico
"02GMOMZL LT-93230 LAT          MW","2025-06-03 21:00:00",51.452,Crítico
"02GMOMZL LT-93230 LAT          MW","2025-06-03 22:00:00",55.71,Crítico
"02GMOMZL LT-93230 LAT          MW","2025-06-03 23:00:00",57.458,Crítico
"02GMOMZL LT-93230 LAT          MW","2025-06-04 00:00:00",53.555,Crítico
"02GMOMZL LT-93230 LAT          MW","2025-06-04 01:00:00",57.52667,Crítico
"02GMOMZL LT-93230 LAT          MW","2025-06-04 02:00:00",56.87,Crítico
"02GMOMZL LT-93230 LAT          MW","2025-06-04 03:00:00",52.90001,Crítico
"02GMOMZL LT-93230 LAT          MW","2025-06-04 04:00:00",59.705,Crítico
"02GMOMZL LT-93230 LAT          MW","2025-06-04 05:00:00",57.03001,Crítico
"02GMOMZL LT-93230 LAT          MW","2025-06-04 06:00:00",53.65001,Crítico
"02GMOMZL LT-93230 LAT          MW","2025-06-04 07:00:00",51.43,Crítico
"02GMOMZL LT-93230 LAT          MW","2025-06-04 08:00:00",41.85001,Crítico
"02GMOMZL LT-93230 LAT          MW","2025-06-04 09:00:00",45.18667,Crítico
"02GMOMZL LT-93230 LAT          MW","2025-06-04 10:00:00",36.17,Crítico
"02GMOMZL LT-93230 LAT          MW","2025-06-04 11:00:00",33.62333,Crítico
"02GMOMZL LT-93230 LAT          MW","2025-06-04 12:00:00",37.8,Crítico
"02GMOMZL LT-93230 LAT          MW","2025-06-04 13:00:00",37.8,Crítico
"02GMOMZL LT-93230 LAT          MW","2025-06-04 14:00:00",37.8,Crítico
"02GMOMZL LT-93230 LAT          MW","2025-06-04 15:00:00",37.8,Crítico
"02GMOMZL LT-93230 LAT          MW","2025-06-04 16:00:00",37.8,Crítico
"02GMOMZL LT-93230 LAT          MW","2025-06-04 17:00:00",37.8,Crítico
"02GMOMZL LT-93230 LAT          MW","2025-06-04 18:00:00",37.8,Crítico
"02GMOMZL LT-93230 LAT          MW","2025-06-04 19:00:00",37.8,Crítico
"02GMOMZL LT-93230 LAT          MW","2025-06-04 20:00:00",37.8,Crítico
"02GMOMZL LT-93230 LAT          MW","2025-06-04 21:00:00",37.8,Crítico
"02GMOMZL LT-93230 LAT          MW","2025-06-04 22:00:00",37.8,Crítico
"02GMOMZL LT-93230 LAT          MW","2025-06-04 23:00:00",37.8,Crítico
"02GMOMZL LT-93230 LAT          MW","2025-06-05 00:00:00",37.8,Crítico
"02GMOMZL LT-93230 LAT          MW","2025-06-05 01:00:00",37.8,Crítico
"02GMOMZL LT-93230 LAT          MW","2025-06-05 02:00:00",37.8,Crítico
"02GMOMZL LT-93230 LAT          MW","2025-06-05 03:00:00",42.88667,Crítico
"02GMOMZL LT-93230 LAT          MW","2025-06-05 04:00:00",51.595,Crítico
"02GMOMZL LT-93230 LAT          MW","2025-06-05 05:00:00",49.015,Crítico
"02GMOMZL LT-93230 LAT          MW","2025-06-05 06:00:00",45.32,Crítico
"02GMOMZL LT-93230 LAT          MW","2025-06-05 07:00:00",49.2,Crítico
"02GMOMZL LT-93230 LAT          MW","2025-06-05 08:00:00",40.11667,Crítico
"02GMOMZL LT-93230 LAT          MW","2025-06-05 09:00:00",40.77333,Crítico
"02GMOMZL LT-93230 LAT          MW","2025-06-05 10:00:00",50.03,Crítico
"02GMOMZL LT-93230 LAT          MW","2025-06-05 11:00:00",37.76334,Crítico
"02GMOMZL LT-93230 LAT          MW","2025-06-05 12:00:00",32.315,Crítico
"02GMOMZL LT-93230 LAT          MW","2025-06-05 13:00:00",41.05,Crítico
"02GMOMZL LT-93230 LAT          MW","2025-06-05 14:00:00",40.83,Crítico
"02GMOMZL LT-93230 LAT          MW","2025-06-05 15:00:00",35.465,Crítico
"02GMOMZL LT-93230 LAT          MW","2025-06-05 16:00:00",38.89,Crítico
"02GMOMZL LT-93230 LAT          MW","2025-06-05 17:00:00",43.63667,Crítico
"02GMOMZL LT-93230 LAT          MW","2025-06-05 18:00:00",40.65,Crítico
"02GMOMZL LT-93230 LAT          MW","2025-06-05 19:00:00",40.39334,Crítico
"02GMOMZL LT-93230 LAT          MW","2025-06-05 20:00:00",46.32,Crítico
"02GMOMZL LT-93230 LAT          MW","2025-06-05 21:00:00",53.252,Crítico
"02GMOMZL LT-93230 LAT          MW","2025-06-05 22:00:00",48.72001,Crítico
"02GMOMZL LT-93230 LAT          MW","2025-06-05 23:00:00",48.61,Crítico
"02GMOMZL LT-93230 LAT          MW","2025-06-06 00:00:00",43.24,Crítico
"02GMOMZL LT-93230 LAT          MW","2025-06-06 01:00:00",34.42334,Crítico
"02GMOMZL LT-93230 LAT          MW","2025-06-06 02:00:00",37.05,Crítico
"02GMOMZL LT-93230 LAT          MW","2025-06-06 03:00:00",32.04667,Crítico
"02GMOMZL LT-93230 LAT          MW","2025-06-06 04:00:00",30.095,Normal
"02GMOMZL LT-93230 LAT          MW","2025-06-06 05:00:00",29.005,Normal
"02GMOMZL LT-93230 LAT          MW","2025-06-06 06:00:00",28.94,Precaución
"02GMOMZL LT-93230 LAT          MW","2025-06-06 07:00:00",29.68,Normal
"02GMOMZL LT-93230 LAT          MW","2025-06-06 08:00:00",45.52667,Crítico
"02GMOMZL LT-93230 LAT          MW","2025-06-06 09:00:00",50.135,Crítico
"02GMOMZL LT-93230 LAT          MW","2025-06-06 10:00:00",46.34,Crítico
"02GMOMZL LT-93230 LAT          MW","2025-06-06 11:00:00",46.06,Crítico
"02GMOMZL LT-93230 LAT          MW","2025-06-06 12:00:00",49.08,Crítico
"02GMOMZL LT-93230 LAT          MW","2025-06-06 13:00:00",50.48,Crítico
"02GMOMZL LT-93230 LAT          MW","2025-06-06 14:00:00",36.71,Crítico
"02GMOMZL LT-93230 LAT          MW","2025-06-06 15:00:00",32.62,Crítico
"02GMOMZL LT-93230 LAT          MW","2025-06-06 16:00:00",29.92667,Normal
"02GMOMZL LT-93230 LAT          MW","2025-06-06 17:00:00",25.505,Crítico
"02GMOMZL LT-93230 LAT          MW","2025-06-06 18:00:00",31.79,Precaución
"02GMOMZL LT-93230 LAT          MW","2025-06-06 19:00:00",28.76334,Precaución
"02GMOMZL LT-93230 LAT          MW","2025-06-06 20:00:00",30.38,Normal
"02GMOMZL LT-93230 LAT          MW","2025-06-06 21:00:00",32.18501,Crítico
"02GMOMZL LT-93230 LAT          MW","2025-06-06 22:00:00",33.99,Crítico
"02GMOMZL LT-93230 LAT          MW","2025-06-06 23:00:00",33.726,Crítico
"02GMOMZL LT-93230 LAT          MW","2025-06-07 00:00:00",31.26,Precaución
"02GMOMZL LT-93230 LAT          MW","2025-06-07 01:00:00",46.355,Crítico
"02GMOMZL LT-93230 LAT          MW","2025-06-07 02:00:00",33.39,Crítico
"02GMOMZL LT-93230 LAT          MW","2025-06-07 03:00:00",34.01667,Crítico
"02GMOMZL LT-93230 LAT          MW","2025-06-07 04:00:00",32.715,Crítico
"02GMOMZL LT-93230 LAT          MW","2025-06-07 05:00:00",34.38334,Crítico
"02GMOMZL LT-93230 LAT          MW","2025-06-07 06:00:00",26.28,Crítico
"02GMOMZL LT-93230 LAT          MW","2025-06-07 07:00:00",30.265,Normal
"02GMOMZL LT-93230 LAT          MW","2025-06-07 08:00:00",17.57,Crítico
"02GMOMZL LT-93230 LAT          MW","2025-06-07 09:00:00",33.208,Crítico
"02GMOMZL LT-93230 LAT          MW","2025-06-07 10:00:00",34.75,Crítico
"02GMOMZL LT-93230 LAT          MW","2025-06-07 11:00:00",28.08334,Precaución
"02GMOMZL LT-93230 LAT          MW","2025-06-07 12:00:00",27.685,Crítico
"02GMOMZL LT-93230 LAT          MW","2025-06-07 13:00:00",30.71667,Normal
"02GMOMZL LT-93230 LAT          MW","2025-06-07 14:00:00",30.59,Normal
"02GMOMZL LT-93230 LAT          MW","2025-06-07 15:00:00",32.414,Crítico
"02GMOMZL LT-93230 LAT          MW","2025-06-07 16:00:00",24.92,Crítico
"02GMOMZL LT-93230 LAT          MW","2025-06-07 17:00:00",28.875,Precaución
"02GMOMZL LT-93230 LAT          MW","2025-06-07 18:00:00",19.24,Crítico
"02GMOMZL LT-93230 LAT          MW","2025-06-07 19:00:00",17.20667,Crítico
"02GMOMZL LT-93230 LAT          MW","2025-06-07 20:00:00",28.1,Precaución
"02GMOMZL LT-93230 LAT          MW","2025-06-07 21:00:00",30.84,Normal
"02GMOMZL LT-93230 LAT          MW","2025-06-07 22:00:00",30.95,Normal
"02GMOMZL LT-93230 LAT          MW","2025-06-07 23:00:00",36.695,Crítico
"02GMOMZL LT-93230 LAT          MW","2025-06-08 00:00:00",30.76334,Normal
"02GMOMZL LT-93230 LAT          MW","2025-06-08 01:00:00",34.32,Crítico
"02GMOMZL LT-93230 LAT          MW","2025-06-08 02:00:00",34.31,Crítico
"02GMOMZL LT-93230 LAT          MW","2025-06-08 03:00:00",21.75667,Crítico
"02GMOMZL LT-93230 LAT          MW","2025-06-08 04:00:00",22.145,Crítico
"02GMOMZL LT-93230 LAT          MW","2025-06-08 05:00:00",22.41667,Crítico
"02GMOMZL LT-93230 LAT          MW","2025-06-08 06:00:00",28.07,Precaución
"02GMOMZL LT-93230 LAT          MW","2025-06-08 07:00:00",16.19,Crítico
"02GMOMZL LT-93230 LAT          MW","2025-06-08 08:00:00",1.956667,Crítico
"02GMOMZL LT-93230 LAT          MW","2025-06-08 09:00:00",15.655,Crítico
"02GMOMZL LT-93230 LAT          MW","2025-06-08 10:00:00",9.780001,Crítico
"02GMOMZL LT-93230 LAT          MW","2025-06-08 11:00:00",21.99334,Crítico
"02GMOMZL LT-93230 LAT          MW","2025-06-08 12:00:00",20.88,Crítico
"02GMOMZL LT-93230 LAT          MW","2025-06-08 13:00:00",22.67,Crítico
"02GMOMZL LT-93230 LAT          MW","2025-06-08 14:00:00",22.49,Crítico
"02GMOMZL LT-93230 LAT          MW","2025-06-08 15:00:00",22.285,Crítico
"02GMOMZL LT-93230 LAT          MW","2025-06-08 16:00:00",13.68667,Crítico
"02GMOMZL LT-93230 LAT          MW","2025-06-08 17:00:00",13.925,Crítico
"02GMOMZL LT-93230 LAT          MW","2025-06-08 18:00:00",7.79,Crítico
"02GMOMZL LT-93230 LAT          MW","2025-06-08 19:00:00",10.99667,Crítico
"02GMOMZL LT-93230 LAT          MW","2025-06-08 20:00:00",14.85,Crítico
"02GMOMZL LT-93230 LAT          MW","2025-06-08 21:00:00",18.06667,Crítico
"02GMOMZL LT-93230 LAT          MW","2025-06-08 22:00:00",27.6,Crítico
"02GMOMZL LT-93230 LAT          MW","2025-06-08 23:00:00",22.425,Crítico
"02GMOMZL LT-93230 LAT          MW","2025-06-09 00:00:00",26.83,Crítico
"02GMOMZL LT-93230 LAT          MW","2025-06-09 01:00:00",23.57,Crítico
"02GMOMZL LT-93230 LAT          MW","2025-06-09 02:00:00",27.16,Crítico
"02GMOMZL LT-93230 LAT          MW","2025-06-09 03:00:00",26.42,Crítico
"02GMOMZL LT-93230 LAT          MW","2025-06-09 04:00:00",28.595,Precaución
"02GMOMZL LT-93230 LAT          MW","2025-06-09 05:00:00",20.55667,Crítico
"02GMOMZL LT-93230 LAT          MW","2025-06-09 06:00:00",26.21,Crítico
"02GMOMZL LT-93230 LAT          MW","2025-06-09 07:00:00",24.275,Crítico
"02GMOMZL LT-93230 LAT          MW","2025-06-09 08:00:00",11.02,Crítico
"02GMOMZL LT-93230 LAT          MW","2025-06-09 09:00:00",12.595,Crítico
"02GMOMZL LT-93230 LAT          MW","2025-06-09 10:00:00",10.44,Crítico
"02GMOMZL LT-93230 LAT          MW","2025-06-09 11:00:00",14.8842,Crítico
"02GMOMZL LT-93230 LAT          MW","2025-06-09 12:00:00",19.696,Crítico
"02GMOMZL LT-93230 LAT          MW","2025-06-09 13:00:00",19.24,Crítico
"02GMOMZL LT-93230 LAT          MW","2025-06-09 14:00:00",19.39,Crítico
"02GMOMZL LT-93230 LAT          MW","2025-06-09 15:00:00",24.20667,Crítico
"02GMOMZL LT-93230 LAT          MW","2025-06-09 16:00:00",19.46429,Crítico
"02GMOMZL LT-93230 LAT          MW","2025-06-09 17:00:00",17.096,Crítico
"02GMOMZL LT-93230 LAT          MW","2025-06-09 18:00:00",21.22,Crítico
"02GMOMZL LT-93230 LAT          MW","2025-06-09 19:00:00",16.776,Crítico
"02GMOMZL LT-93230 LAT          MW","2025-06-09 20:00:00",26.58143,Crítico
"02GMOMZL LT-93230 LAT          MW","2025-06-09 21:00:00",25.825,Crítico
"02GMOMZL LT-93230 LAT          MW","2025-06-09 22:00:00",31.54,Precaución
"02GMOMZL LT-93230 LAT          MW","2025-06-09 23:00:00",30.635,Normal
"02GMOMZL LT-93230 LAT          MW","2025-06-10 00:00:00",26.826,Crítico
"02GMOMZL LT-93230 LAT          MW","2025-06-10 01:00:00",31.9475,Precaución
"02GMOMZL LT-93230 LAT          MW","2025-06-10 02:00:00",28.12,Precaución
"02GMOMZL LT-93230 LAT          MW","2025-06-10 03:00:00",35.57334,Crítico
"02GMOMZL LT-93230 LAT          MW","2025-06-10 04:00:00",37.745,Crítico
"02GMOMZL LT-93230 LAT          MW","2025-06-10 05:00:00",38.49,Crítico
"02GMOMZL LT-93230 LAT          MW","2025-06-10 06:00:00",29.2,Normal
"02GMOMZL LT-93230 LAT          MW","2025-06-10 07:00:00",29.37,Normal
"02GMOMZL LT-93230 LAT          MW","2025-06-10 08:00:00",29.64,Normal
"02GMOMZL LT-93230 LAT          MW","2025-06-10 09:00:00",26.61333,Crítico
"02GMOMZL LT-93230 LAT          MW","2025-06-10 10:00:00",24.68,Crítico
"02GMOMZL LT-93230 LAT          MW","2025-06-10 11:00:00",29.818,Normal
"02GMOMZL LT-93230 LAT          MW","2025-06-10 12:00:00",31.402,Precaución
"02GMOMZL LT-93230 LAT          MW","2025-06-10 13:00:00",28.86333,Precaución
"02GMOMZL LT-93230 LAT          MW","2025-06-10 14:00:00",27.48,Crítico
"02GMOMZL LT-93230 LAT          MW","2025-06-10 15:00:00",25.42,Crítico
"02GMOMZL LT-93230 LAT          MW","2025-06-10 16:00:00",24.66,Crítico
"02GMOMZL LT-93230 LAT          MW","2025-06-10 17:00:00",39.78,Crítico
"02GMOMZL LT-93230 LAT          MW","2025-06-10 18:00:00",35.77,Crítico
"02GMOMZL LT-93230 LAT          MW","2025-06-10 19:00:00",34.94201,Crítico
"02GMOMZL LT-93230 LAT          MW","2025-06-10 20:00:00",38.14,Crítico
"02GMOMZL LT-93230 LAT          MW","2025-06-10 21:00:00",47.09,Crítico
"02GMOMZL LT-93230 LAT          MW","2025-06-10 22:00:00",44.94,Crítico
"02GMOMZL LT-93230 LAT          MW","2025-06-10 23:00:00",42.82334,Crítico
"02GMOMZL LT-93230 LAT          MW","2025-06-11 00:00:00",28.965,Precaución
"02GMOMZL LT-93230 LAT          MW","2025-06-11 01:00:00",39.30333,Crítico
"02GMOMZL LT-93230 LAT          MW","2025-06-11 02:00:00",37.43,Crítico
"02GMOMZL LT-93230 LAT          MW","2025-06-11 03:00:00",39.556,Crítico
"02GMOMZL LT-93230 LAT          MW","2025-06-11 04:00:00",36.61667,Crítico
"02GMOMZL LT-93230 LAT          MW","2025-06-11 05:00:00",19.7675,Crítico
"02GMOMZL LT-93230 LAT          MW","2025-06-11 06:00:00",24.25,Crítico
"02GMOMZL LT-93230 LAT          MW","2025-06-11 07:00:00",23.0975,Crítico
"02GMOMZL LT-93230 LAT          MW","2025-06-11 08:00:00",12.84286,Crítico
"02GMOMZL LT-93230 LAT          MW","2025-06-11 09:00:00",19.596,Crítico
"02GMOMZL LT-93230 LAT          MW","2025-06-11 10:00:00",17.78,Crítico
"02GMOMZL LT-93230 LAT          MW","2025-06-11 11:00:00",16.40667,Crítico
"02GMOMZL LT-93230 LAT          MW","2025-06-11 12:00:00",20.51429,Crítico
"02GMOMZL LT-93230 LAT          MW","2025-06-11 13:00:00",14.988,Crítico
"02GMOMZL LT-93230 LAT          MW","2025-06-11 14:00:00",20.5,Crítico
"02GMOMZL LT-93230 LAT          MW","2025-06-11 15:00:00",19.944,Crítico
"02GMOMZL LT-93230 LAT          MW","2025-06-11 16:00:00",12.37333,Crítico
"02GMOMZL LT-93230 LAT          MW","2025-06-11 17:00:00",24.334,Crítico
"02GMOMZL LT-93230 LAT          MW","2025-06-11 18:00:00",30.91,Normal
"02GMOMZL LT-93230 LAT          MW","2025-06-11 19:00:00",27.034,Crítico
"02GMOMZL LT-93230 LAT          MW","2025-06-11 20:00:00",30.03667,Normal
"02GMOMZL LT-93230 LAT          MW","2025-06-11 21:00:00",34.49286,Crítico
"02GMOMZL LT-93230 LAT          MW","2025-06-11 22:00:00",36.59,Crítico
"02GMOMZL LT-93230 LAT          MW","2025-06-11 23:00:00",27.90429,Crítico
"02GMOMZL LT-93230 LAT          MW","2025-06-12 00:00:00",25.61,Crítico
"02GMOMZL AT-01    230/115      MW","2025-06-01 00:00:00",40.49001,Crítico
"02GMOMZL AT-01    230/115      MW","2025-06-01 01:00:00",39.60001,Crítico
"02GMOMZL AT-01    230/115      MW","2025-06-01 02:00:00",38.30001,Crítico
"02GMOMZL AT-01    230/115      MW","2025-06-01 03:00:00",37.87001,Crítico
"02GMOMZL AT-01    230/115      MW","2025-06-01 04:00:00",36.79002,Crítico
"02GMOMZL AT-01    230/115      MW","2025-06-01 05:00:00",35.97001,Crítico
"02GMOMZL AT-01    230/115      MW","2025-06-01 06:00:00",35.08001,Crítico
"02GMOMZL AT-01    230/115      MW","2025-06-01 07:00:00",35.56001,Crítico
"02GMOMZL AT-01    230/115      MW","2025-06-01 08:00:00",35.97001,Crítico
"02GMOMZL AT-01    230/115      MW","2025-06-01 09:00:00",37.66002,Crítico
"02GMOMZL AT-01    230/115      MW","2025-06-01 10:00:00",37.73001,Crítico
"02GMOMZL AT-01    230/115      MW","2025-06-01 11:00:00",38.67001,Crítico
"02GMOMZL AT-01    230/115      MW","2025-06-01 12:00:00",38.75002,Crítico
"02GMOMZL AT-01    230/115      MW","2025-06-01 13:00:00",39.44001,Crítico
"02GMOMZL AT-01    230/115      MW","2025-06-01 14:00:00",39.44001,Crítico
"02GMOMZL AT-01    230/115      MW","2025-06-01 15:00:00",41.13001,Crítico
"02GMOMZL AT-01    230/115      MW","2025-06-01 16:00:00",41.05001,Crítico
"02GMOMZL AT-01    230/115      MW","2025-06-01 17:00:00",40.97001,Crítico
"02GMOMZL AT-01    230/115      MW","2025-06-01 18:00:00",39.98001,Crítico
"02GMOMZL AT-01    230/115      MW","2025-06-01 19:00:00",41.95002,Crítico
"02GMOMZL AT-01    230/115      MW","2025-06-01 20:00:00",45.89001,Crítico
"02GMOMZL AT-01    230/115      MW","2025-06-01 21:00:00",46.68002,Crítico
"02GMOMZL AT-01    230/115      MW","2025-06-01 22:00:00",46.19001,Crítico
"02GMOMZL AT-01    230/115      MW","2025-06-01 23:00:00",44.16002,Crítico
"02GMOMZL AT-01    230/115      MW","2025-06-02 00:00:00",42.99001,Crítico
"02GMOMZL AT-01    230/115      MW","2025-06-02 01:00:00",41.16002,Crítico
"02GMOMZL AT-01    230/115      MW","2025-06-02 02:00:00",40.25002,Crítico
"02GMOMZL AT-01    230/115      MW","2025-06-02 03:00:00",39.75002,Crítico
"02GMOMZL AT-01    230/115      MW","2025-06-02 04:00:00",38.77002,Crítico
"02GMOMZL AT-01    230/115      MW","2025-06-02 05:00:00",38.26001,Crítico
"02GMOMZL AT-01    230/115      MW","2025-06-02 06:00:00",38.09002,Crítico
"02GMOMZL AT-01    230/115      MW","2025-06-02 07:00:00",37.76001,Crítico
"02GMOMZL AT-01    230/115      MW","2025-06-02 08:00:00",38.00002,Crítico
"02GMOMZL AT-01    230/115      MW","2025-06-02 09:00:00",38.57001,Crítico
"02GMOMZL AT-01    230/115      MW","2025-06-02 10:00:00",41.78001,Crítico
"02GMOMZL AT-01    230/115      MW","2025-06-02 11:00:00",42.83001,Crítico
"02GMOMZL AT-01    230/115      MW","2025-06-02 12:00:00",44.21001,Crítico
"02GMOMZL AT-01    230/115      MW","2025-06-02 13:00:00",42.20002,Crítico
"02GMOMZL AT-01    230/115      MW","2025-06-02 14:00:00",44.60001,Crítico
"02GMOMZL AT-01    230/115      MW","2025-06-02 15:00:00",45.55001,Crítico
"02GMOMZL AT-01    230/115      MW","2025-06-02 16:00:00",44.55001,Crítico
"02GMOMZL AT-01    230/115      MW","2025-06-02 17:00:00",44.35001,Crítico
"02GMOMZL AT-01    230/115      MW","2025-06-02 18:00:00",42.78001,Crítico
"02GMOMZL AT-01    230/115      MW","2025-06-02 19:00:00",43.21001,Crítico
"02GMOMZL AT-01    230/115      MW","2025-06-02 20:00:00",46.81001,Crítico
"02GMOMZL AT-01    230/115      MW","2025-06-02 21:00:00",47.58001,Crítico
"02GMOMZL AT-01    230/115      MW","2025-06-02 22:00:00",46.86002,Crítico
"02GMOMZL AT-01    230/115      MW","2025-06-02 23:00:00",45.22001,Crítico
"02GMOMZL AT-01    230/115      MW","2025-06-03 00:00:00",43.28001,Crítico
"02GMOMZL AT-01    230/115      MW","2025-06-03 01:00:00",42.22001,Crítico
"02GMOMZL AT-01    230/115      MW","2025-06-03 02:00:00",40.86002,Crítico
"02GMOMZL AT-01    230/115      MW","2025-06-03 03:00:00",39.58001,Crítico
"02GMOMZL AT-01    230/115      MW","2025-06-03 04:00:00",39.35001,Crítico
"02GMOMZL AT-01    230/115      MW","2025-06-03 05:00:00",38.68002,Crítico
"02GMOMZL AT-01    230/115      MW","2025-06-03 06:00:00",38.46001,Crítico
"02GMOMZL AT-01    230/115      MW","2025-06-03 07:00:00",37.36002,Crítico
"02GMOMZL AT-01    230/115      MW","2025-06-03 08:00:00",37.64001,Crítico
"02GMOMZL AT-01    230/115      MW","2025-06-03 09:00:00",38.32001,Crítico
"02GMOMZL AT-01    230/115      MW","2025-06-03 10:00:00",39.77002,Crítico
"02GMOMZL AT-01    230/115      MW","2025-06-03 11:00:00",40.23001,Crítico
"02GMOMZL AT-01    230/115      MW","2025-06-03 12:00:00",41.69001,Crítico
"02GMOMZL AT-01    230/115      MW","2025-06-03 13:00:00",41.79002,Crítico
"02GMOMZL AT-01    230/115      MW","2025-06-03 14:00:00",42.21001,Crítico
"02GMOMZL AT-01    230/115      MW","2025-06-03 15:00:00",42.38001,Crítico
"02GMOMZL AT-01    230/115      MW","2025-06-03 16:00:00",41.92001,Crítico
"02GMOMZL AT-01    230/115      MW","2025-06-03 17:00:00",41.57001,Crítico
"02GMOMZL AT-01    230/115      MW","2025-06-03 18:00:00",40.50002,Crítico
"02GMOMZL AT-01    230/115      MW","2025-06-03 19:00:00",41.24001,Crítico
"02GMOMZL AT-01    230/115      MW","2025-06-03 20:00:00",43.82001,Crítico
"02GMOMZL AT-01    230/115      MW","2025-06-03 21:00:00",44.74001,Crítico
"02GMOMZL AT-01    230/115      MW","2025-06-03 22:00:00",44.17001,Crítico
"02GMOMZL AT-01    230/115      MW","2025-06-03 23:00:00",42.10001,Crítico
"02GMOMZL AT-01    230/115      MW","2025-06-04 00:00:00",39.90001,Crítico
"02GMOMZL AT-01    230/115      MW","2025-06-04 01:00:00",26.82001,Crítico
"02GMOMZL AT-01    230/115      MW","2025-06-04 02:00:00",33.48001,Crítico
"02GMOMZL AT-01    230/115      MW","2025-06-04 03:00:00",35.01001,Crítico
"02GMOMZL AT-01    230/115      MW","2025-06-04 04:00:00",35.52002,Crítico
"02GMOMZL AT-01    230/115      MW","2025-06-04 05:00:00",35.71001,Crítico
"02GMOMZL AT-01    230/115      MW","2025-06-04 06:00:00",34.95002,Crítico
"02GMOMZL AT-01    230/115      MW","2025-06-04 07:00:00",34.52002,Crítico
"02GMOMZL AT-01    230/115      MW","2025-06-04 08:00:00",35.29002,Crítico
"02GMOMZL AT-01    230/115      MW","2025-06-04 09:00:00",37.72001,Crítico
"02GMOMZL AT-01    230/115      MW","2025-06-04 10:00:00",38.38001,Crítico
"02GMOMZL AT-01    230/115      MW","2025-06-04 11:00:00",38.13001,Crítico
"02GMOMZL AT-01    230/115      MW","2025-06-04 12:00:00",40.35001,Crítico
"02GMOMZL AT-01    230/115      MW","2025-06-04 13:00:00",40.35001,Crítico
"02GMOMZL AT-01    230/115      MW","2025-06-04 14:00:00",40.35001,Crítico
"02GMOMZL AT-01    230/115      MW","2025-06-04 15:00:00",40.35001,Crítico
"02GMOMZL AT-01    230/115      MW","2025-06-04 16:00:00",40.35001,Crítico
"02GMOMZL AT-01    230/115      MW","2025-06-04 17:00:00",40.35001,Crítico
"02GMOMZL AT-01    230/115      MW","2025-06-04 18:00:00",40.35001,Crítico
"02GMOMZL AT-01    230/115      MW","2025-06-04 19:00:00",40.35001,Crítico
"02GMOMZL AT-01    230/115      MW","2025-06-04 20:00:00",40.35001,Crítico
"02GMOMZL AT-01    230/115      MW","2025-06-04 21:00:00",40.35001,Crítico
"02GMOMZL AT-01    230/115      MW","2025-06-04 22:00:00",40.35001,Crítico
"02GMOMZL AT-01    230/115      MW","2025-06-04 23:00:00",40.35001,Crítico
"02GMOMZL AT-01    230/115      MW","2025-06-05 00:00:00",40.35001,Crítico
"02GMOMZL AT-01    230/115      MW","2025-06-05 01:00:00",40.35001,Crítico
"02GMOMZL AT-01    230/115      MW","2025-06-05 02:00:00",40.35001,Crítico
"02GMOMZL AT-01    230/115      MW","2025-06-05 03:00:00",34.31001,Crítico
"02GMOMZL AT-01    230/115      MW","2025-06-05 04:00:00",33.86002,Crítico
"02GMOMZL AT-01    230/115      MW","2025-06-05 05:00:00",34.08001,Crítico
"02GMOMZL AT-01    230/115      MW","2025-06-05 06:00:00",33.70002,Crítico
"02GMOMZL AT-01    230/115      MW","2025-06-05 07:00:00",34.59002,Crítico
"02GMOMZL AT-01    230/115      MW","2025-06-05 08:00:00",35.58001,Crítico
"02GMOMZL AT-01    230/115      MW","2025-06-05 09:00:00",36.94001,Crítico
"02GMOMZL AT-01    230/115      MW","2025-06-05 10:00:00",38.96001,Crítico
"02GMOMZL AT-01    230/115      MW","2025-06-05 11:00:00",41.18002,Crítico
"02GMOMZL AT-01    230/115      MW","2025-06-05 12:00:00",41.67001,Crítico
"02GMOMZL AT-01    230/115      MW","2025-06-05 13:00:00",43.22001,Crítico
"02GMOMZL AT-01    230/115      MW","2025-06-05 14:00:00",44.06001,Crítico
"02GMOMZL AT-01    230/115      MW","2025-06-05 15:00:00",43.17001,Crítico
"02GMOMZL AT-01    230/115      MW","2025-06-05 16:00:00",43.52002,Crítico
"02GMOMZL AT-01    230/115      MW","2025-06-05 17:00:00",44.33001,Crítico
"02GMOMZL AT-01    230/115      MW","2025-06-05 18:00:00",43.32001,Crítico
"02GMOMZL AT-01    230/115      MW","2025-06-05 19:00:00",42.62001,Crítico
"02GMOMZL AT-01    230/115      MW","2025-06-05 20:00:00",42.66002,Crítico
"02GMOMZL AT-01    230/115      MW","2025-06-05 21:00:00",43.20002,Crítico
"02GMOMZL AT-01    230/115      MW","2025-06-05 22:00:00",42.48001,Crítico
"02GMOMZL AT-01    230/115      MW","2025-06-05 23:00:00",43.89001,Crítico
"02GMOMZL AT-01    230/115      MW","2025-06-06 00:00:00",41.77002,Crítico
"02GMOMZL AT-01    230/115      MW","2025-06-06 01:00:00",40.15001,Crítico
"02GMOMZL AT-01    230/115      MW","2025-06-06 02:00:00",39.20002,Crítico
"02GMOMZL AT-01    230/115      MW","2025-06-06 03:00:00",38.36002,Crítico
"02GMOMZL AT-01    230/115      MW","2025-06-06 04:00:00",37.39001,Crítico
"02GMOMZL AT-01    230/115      MW","2025-06-06 05:00:00",36.94001,Crítico
"02GMOMZL AT-01    230/115      MW","2025-06-06 06:00:00",36.34002,Crítico
"02GMOMZL AT-01    230/115      MW","2025-06-06 07:00:00",37.33001,Crítico
"02GMOMZL AT-01    230/115      MW","2025-06-06 08:00:00",39.86002,Crítico
"02GMOMZL AT-01    230/115      MW","2025-06-06 09:00:00",41.06001,Crítico
"02GMOMZL AT-01    230/115      MW","2025-06-06 10:00:00",41.25002,Crítico
"02GMOMZL AT-01    230/115      MW","2025-06-06 11:00:00",41.70002,Crítico
"02GMOMZL AT-01    230/115      MW","2025-06-06 12:00:00",42.00002,Crítico
"02GMOMZL AT-01    230/115      MW","2025-06-06 13:00:00",43.17001,Crítico
"02GMOMZL AT-01    230/115      MW","2025-06-06 14:00:00",42.13001,Crítico
"02GMOMZL AT-01    230/115      MW","2025-06-06 15:00:00",42.36002,Crítico
"02GMOMZL AT-01    230/115      MW","2025-06-06 16:00:00",43.39001,Crítico
"02GMOMZL AT-01    230/115      MW","2025-06-06 17:00:00",41.97001,Crítico
"02GMOMZL AT-01    230/115      MW","2025-06-06 18:00:00",43.08001,Crítico
"02GMOMZL AT-01    230/115      MW","2025-06-06 19:00:00",43.58001,Crítico
"02GMOMZL AT-01    230/115      MW","2025-06-06 20:00:00",45.55001,Crítico
"02GMOMZL AT-01    230/115      MW","2025-06-06 21:00:00",45.45002,Crítico
"02GMOMZL AT-01    230/115      MW","2025-06-06 22:00:00",45.12001,Crítico
"02GMOMZL AT-01    230/115      MW","2025-06-06 23:00:00",43.71001,Crítico
"02GMOMZL AT-01    230/115      MW","2025-06-07 00:00:00",42.31001,Crítico
"02GMOMZL AT-01    230/115      MW","2025-06-07 01:00:00",42.19001,Crítico
"02GMOMZL AT-01    230/115      MW","2025-06-07 02:00:00",39.76001,Crítico
"02GMOMZL AT-01    230/115      MW","2025-06-07 03:00:00",39.03001,Crítico
"02GMOMZL AT-01    230/115      MW","2025-06-07 04:00:00",36.11002,Crítico
"02GMOMZL AT-01    230/115      MW","2025-06-07 05:00:00",37.22001,Crítico
"02GMOMZL AT-01    230/115      MW","2025-06-07 06:00:00",35.56001,Crítico
"02GMOMZL AT-01    230/115      MW","2025-06-07 07:00:00",35.63002,Crítico
"02GMOMZL AT-01    230/115      MW","2025-06-07 08:00:00",35.39001,Crítico
"02GMOMZL AT-01    230/115      MW","2025-06-07 09:00:00",37.18002,Crítico
"02GMOMZL AT-01    230/115      MW","2025-06-07 10:00:00",38.44001,Crítico
"02GMOMZL AT-01    230/115      MW","2025-06-07 11:00:00",37.88001,Crítico
"02GMOMZL AT-01    230/115      MW","2025-06-07 12:00:00",38.37001,Crítico
"02GMOMZL AT-01    230/115      MW","2025-06-07 13:00:00",39.44001,Crítico
"02GMOMZL AT-01    230/115      MW","2025-06-07 14:00:00",39.97001,Crítico
"02GMOMZL AT-01    230/115      MW","2025-06-07 15:00:00",40.89001,Crítico
"02GMOMZL AT-01    230/115      MW","2025-06-07 16:00:00",40.34002,Crítico
"02GMOMZL AT-01    230/115      MW","2025-06-07 17:00:00",41.94001,Crítico
"02GMOMZL AT-01    230/115      MW","2025-06-07 18:00:00",37.06001,Crítico
"02GMOMZL AT-01    230/115      MW","2025-06-07 19:00:00",37.52002,Crítico
"02GMOMZL AT-01    230/115      MW","2025-06-07 20:00:00",39.78001,Crítico
"02GMOMZL AT-01    230/115      MW","2025-06-07 21:00:00",40.26001,Crítico
"02GMOMZL AT-01    230/115      MW","2025-06-07 22:00:00",43.62001,Crítico
"02GMOMZL AT-01    230/115      MW","2025-06-07 23:00:00",43.78001,Crítico
"02GMOMZL AT-01    230/115      MW","2025-06-08 00:00:00",41.84002,Crítico
"02GMOMZL AT-01    230/115      MW","2025-06-08 01:00:00",40.79002,Crítico
"02GMOMZL AT-01    230/115      MW","2025-06-08 02:00:00",39.58001,Crítico
"02GMOMZL AT-01    230/115      MW","2025-06-08 03:00:00",37.68002,Crítico
"02GMOMZL AT-01    230/115      MW","2025-06-08 04:00:00",37.43002,Crítico
"02GMOMZL AT-01    230/115      MW","2025-06-08 05:00:00",37.13002,Crítico
"02GMOMZL AT-01    230/115      MW","2025-06-08 06:00:00",36.22001,Crítico
"02GMOMZL AT-01    230/115      MW","2025-06-08 07:00:00",35.34002,Crítico
"02GMOMZL AT-01    230/115      MW","2025-06-08 08:00:00",35.01001,Crítico
"02GMOMZL AT-01    230/115      MW","2025-06-08 09:00:00",35.63002,Crítico
"02GMOMZL AT-01    230/115      MW","2025-06-08 10:00:00",36.97001,Crítico
"02GMOMZL AT-01    230/115      MW","2025-06-08 11:00:00",37.04002,Crítico
"02GMOMZL AT-01    230/115      MW","2025-06-08 12:00:00",37.25002,Crítico
"02GMOMZL AT-01    230/115      MW","2025-06-08 13:00:00",38.07001,Crítico
"02GMOMZL AT-01    230/115      MW","2025-06-08 14:00:00",38.88001,Crítico
"02GMOMZL AT-01    230/115      MW","2025-06-08 15:00:00",39.03001,Crítico
"02GMOMZL AT-01    230/115      MW","2025-06-08 16:00:00",41.23001,Crítico
"02GMOMZL AT-01    230/115      MW","2025-06-08 17:00:00",41.01001,Crítico
"02GMOMZL AT-01    230/115      MW","2025-06-08 18:00:00",40.40001,Crítico
"02GMOMZL AT-01    230/115      MW","2025-06-08 19:00:00",40.15001,Crítico
"02GMOMZL AT-01    230/115      MW","2025-06-08 20:00:00",43.16002,Crítico
"02GMOMZL AT-01    230/115      MW","2025-06-08 21:00:00",44.08001,Crítico
"02GMOMZL AT-01    230/115      MW","2025-06-08 22:00:00",44.57001,Crítico
"02GMOMZL AT-01    230/115      MW","2025-06-08 23:00:00",42.55001,Crítico
"02GMOMZL AT-01    230/115      MW","2025-06-09 00:00:00",41.79002,Crítico
"02GMOMZL AT-01    230/115      MW","2025-06-09 01:00:00",40.50002,Crítico
"02GMOMZL AT-01    230/115      MW","2025-06-09 02:00:00",39.17001,Crítico
"02GMOMZL AT-01    230/115      MW","2025-06-09 03:00:00",38.18002,Crítico
"02GMOMZL AT-01    230/115      MW","2025-06-09 04:00:00",37.48001,Crítico
"02GMOMZL AT-01    230/115      MW","2025-06-09 05:00:00",36.23001,Crítico
"02GMOMZL AT-01    230/115      MW","2025-06-09 06:00:00",36.59002,Crítico
"02GMOMZL AT-01    230/115      MW","2025-06-09 07:00:00",36.82001,Crítico
"02GMOMZL AT-01    230/115      MW","2025-06-09 08:00:00",36.78001,Crítico
"02GMOMZL AT-01    230/115      MW","2025-06-09 09:00:00",38.32001,Crítico
"02GMOMZL AT-01    230/115      MW","2025-06-09 10:00:00",38.95002,Crítico
"02GMOMZL AT-01    230/115      MW","2025-06-09 11:00:00",38.98001,Crítico
"02GMOMZL AT-01    230/115      MW","2025-06-09 12:00:00",38.98001,Crítico
"02GMOMZL AT-01    230/115      MW","2025-06-09 13:00:00",42.73001,Crítico
"02GMOMZL AT-01    230/115      MW","2025-06-09 14:00:00",43.27002,Crítico
"02GMOMZL AT-01    230/115      MW","2025-06-09 15:00:00",43.95002,Crítico
"02GMOMZL AT-01    230/115      MW","2025-06-09 16:00:00",44.07001,Crítico
"02GMOMZL AT-01    230/115      MW","2025-06-09 17:00:00",41.58001,Crítico
"02GMOMZL AT-01    230/115      MW","2025-06-09 18:00:00",40.65001,Crítico
"02GMOMZL AT-01    230/115      MW","2025-06-09 19:00:00",42.50002,Crítico
"02GMOMZL AT-01    230/115      MW","2025-06-09 20:00:00",45.95002,Crítico
"02GMOMZL AT-01    230/115      MW","2025-06-09 21:00:00",46.79001,Crítico
"02GMOMZL AT-01    230/115      MW","2025-06-09 22:00:00",46.84002,Crítico
"02GMOMZL AT-01    230/115      MW","2025-06-09 23:00:00",45.09002,Crítico
"02GMOMZL AT-01    230/115      MW","2025-06-10 00:00:00",43.24001,Crítico
"02GMOMZL AT-01    230/115      MW","2025-06-10 01:00:00",42.86002,Crítico
"02GMOMZL AT-01    230/115      MW","2025-06-10 02:00:00",40.73001,Crítico
"02GMOMZL AT-01    230/115      MW","2025-06-10 03:00:00",40.32001,Crítico
"02GMOMZL AT-01    230/115      MW","2025-06-10 04:00:00",39.79002,Crítico
"02GMOMZL AT-01    230/115      MW","2025-06-10 05:00:00",39.57001,Crítico
"02GMOMZL AT-01    230/115      MW","2025-06-10 06:00:00",37.82001,Crítico
"02GMOMZL AT-01    230/115      MW","2025-06-10 07:00:00",37.66002,Crítico
"02GMOMZL AT-01    230/115      MW","2025-06-10 08:00:00",39.44001,Crítico
"02GMOMZL AT-01    230/115      MW","2025-06-10 09:00:00",40.32001,Crítico
"02GMOMZL AT-01    230/115      MW","2025-06-10 10:00:00",41.33001,Crítico
"02GMOMZL AT-01    230/115      MW","2025-06-10 11:00:00",42.23001,Crítico
"02GMOMZL AT-01    230/115      MW","2025-06-10 12:00:00",42.98001,Crítico
"02GMOMZL AT-01    230/115      MW","2025-06-10 13:00:00",43.91002,Crítico
"02GMOMZL AT-01    230/115      MW","2025-06-10 14:00:00",44.11002,Crítico
"02GMOMZL AT-01    230/115      MW","2025-06-10 15:00:00",44.76001,Crítico
"02GMOMZL AT-01    230/115      MW","2025-06-10 16:00:00",44.53001,Crítico
"02GMOMZL AT-01    230/115      MW","2025-06-10 17:00:00",45.34002,Crítico
"02GMOMZL AT-01    230/115      MW","2025-06-10 18:00:00",43.74001,Crítico
"02GMOMZL AT-01    230/115      MW","2025-06-10 19:00:00",44.40001,Crítico
"02GMOMZL AT-01    230/115      MW","2025-06-10 20:00:00",47.83001,Crítico
"02GMOMZL AT-01    230/115      MW","2025-06-10 21:00:00",49.37001,Crítico
"02GMOMZL AT-01    230/115      MW","2025-06-10 22:00:00",48.84002,Crítico
"02GMOMZL AT-01    230/115      MW","2025-06-10 23:00:00",46.32001,Crítico
"02GMOMZL AT-01    230/115      MW","2025-06-11 00:00:00",44.42001,Crítico
"02GMOMZL AT-01    230/115      MW","2025-06-11 01:00:00",39.85001,Crítico
"02GMOMZL AT-01    230/115      MW","2025-06-11 02:00:00",39.40001,Crítico
"02GMOMZL AT-01    230/115      MW","2025-06-11 03:00:00",38.02002,Crítico
"02GMOMZL AT-01    230/115      MW","2025-06-11 04:00:00",37.19001,Crítico
"02GMOMZL AT-01    230/115      MW","2025-06-11 05:00:00",36.33001,Crítico
"02GMOMZL AT-01    230/115      MW","2025-06-11 06:00:00",36.93002,Crítico
"02GMOMZL AT-01    230/115      MW","2025-06-11 07:00:00",36.79002,Crítico
"02GMOMZL AT-01    230/115      MW","2025-06-11 08:00:00",36.97001,Crítico
"02GMOMZL AT-01    230/115      MW","2025-06-11 09:00:00",38.45002,Crítico
"02GMOMZL AT-01    230/115      MW","2025-06-11 10:00:00",39.16002,Crítico
"02GMOMZL AT-01    230/115      MW","2025-06-11 11:00:00",39.68002,Crítico
"02GMOMZL AT-01    230/115      MW","2025-06-11 12:00:00",40.79002,Crítico
"02GMOMZL AT-01    230/115      MW","2025-06-11 13:00:00",40.91002,Crítico
"02GMOMZL AT-01    230/115      MW","2025-06-11 14:00:00",42.11002,Crítico
"02GMOMZL AT-01    230/115      MW","2025-06-11 15:00:00",42.40001,Crítico
"02GMOMZL AT-01    230/115      MW","2025-06-11 16:00:00",41.65001,Crítico
"02GMOMZL AT-01    230/115      MW","2025-06-11 17:00:00",42.52002,Crítico
"02GMOMZL AT-01    230/115      MW","2025-06-11 18:00:00",41.97001,Crítico
"02GMOMZL AT-01    230/115      MW","2025-06-11 19:00:00",41.28001,Crítico
"02GMOMZL AT-01    230/115      MW","2025-06-11 20:00:00",45.20002,Crítico
"02GMOMZL AT-01    230/115      MW","2025-06-11 21:00:00",46.02002,Crítico
"02GMOMZL AT-01    230/115      MW","2025-06-11 22:00:00",45.39001,Crítico
"02GMOMZL AT-01    230/115      MW","2025-06-11 23:00:00",42.90001,Crítico
"02GMOMZL AT-01    230/115      MW","2025-06-12 00:00:00",41.18002,Crítico
